dataset,records,active_M_states,entropy_M_eff,simpson_M_eff,M_uniformity,M_redundancy,entropy_nats,entropy_bits,transition_count,transition_tension,triality_balance_0_to_1,nonality_balance_0_to_1,M46_active_ratio,M46_active_margin,M46_active_breach,M46_eff_ratio,M46_eff_stability,state_repetition_factor_records_per_Meff,M_density_per_second
10 snapshots,10,10,9.999999999999998,9.999999999999996,0.9999999999999998,2.220446049250313e-16,2.3025850929940455,3.321928094887362,9,1.0,0.556032649876389,0.7717656864304008,0.21739130434782608,36,False,0.21739130434782605,0.782608695652174,1.0000000000000002,0.03306878306878307
100 snapshots,100,49,41.41041327627204,32.6797385620915,0.8451104750259599,0.15488952497404007,3.723532377615669,5.371921695775617,48,0.48484848484848486,0.9763794231541455,0.9815683073945747,1.065217391304348,-3,True,0.9002263755711313,0.09977362442886872,2.4148515334257605,0.162037037037037
"7,560 frames / 49 states, frame-weighted",7560,49,42.52147617721564,33.12196111384776,0.8677852281064417,0.13221477189355835,3.7500092701151355,5.410119777282747,48,0.006350046302420955,0.9855914373108897,0.9845946009812002,1.065217391304348,-3,True,0.9243799168959922,0.07562008310400781,177.7925105067469,0.162037037037037
"49 unique states, state-native uniform",49,49,48.99999999999999,49.000000000000014,0.9999999999999999,1.1102230246251565e-16,3.8918202981106265,5.614709844115208,48,1.0,0.9996233932022287,0.9981146460628185,1.065217391304348,-3,True,1.0652173913043477,0.0,1.0000000000000002,0.162037037037037
"49 unique states, segment-weighted",49,49,42.52147617721564,33.12196111384776,0.8677852281064417,0.13221477189355835,3.7500092701151355,5.410119777282747,48,1.0,0.9855914373108897,0.9845946009812002,1.065217391304348,-3,True,0.9243799168959922,0.07562008310400781,1.1523588643955818,0.162037037037037
